nombre,caracteristica,Marca,pais,area
Lentes de Seguridad,Transparentes - Oscuros - Distintos modelos,Steelpro,,EPP
Guantes de Cabritilla,Sin Forro / Con Forro,,,EPP
Guantes de Soldador,,,,EPP
Coletos Soldador,,,,EPP
Polainas,,,,EPP
Buzos de Papel,,,,EPP
Guantes de Temperatura,,,,EPP
Guantes de Látex,,,,EPP
Máscara Media Cara,,,,EPP
Filtros,,,,EPP
Máscara Cara Completa,,,,EPP
Bloqueador Solar,,,,EPP
Tapones Auditivos,Fonos,,,EPP
Tapones Auditivos,Esponja,,,EPP
Máscaras Desechables,,,,EPP
Máscara de Soldador Fotosensible,,Bauker,,EPP
Zapatos de Seguridad,"Dist. Entornos(Minero,Industrial,Eléctrico,Otros)",Edelbrooks,,EPP
Zapatos de Seguridad,"Dist. Entornos(Minero,Industrial,Eléctrico,Otros)",Proflex,,EPP
Zapatos de Seguridad,"Dist. Entornos(Minero,Industrial,Eléctrico,Otros)",Dakota,,EPP
Zapatos de Seguridad,"Dist. Entornos(Minero,Industrial,Eléctrico,Otros)",Defender,,EPP
Alicates Tipo Enfierrador,,Crowman,,Ferretería
Alicates Tipo Enfierrador,,Force,,Ferretería
Alargadores,,,,Ferretería
Alicates Universales,,Stanley,,Ferretería
Alicates Universales,,Force,,Ferretería
Alicates Universales,,Tullmex,,Ferretería
Alicates Universales,,Bahco,,Ferretería
Alicates Universales,,Klein,,Ferretería
Alicates Universales,,Tools,,Ferretería
Alicate Profesional,"8""",Black and Decker,Alemania,Ferretería
Alicate Saca Seguros,,,,Ferretería
Adaptador SDS Pluss,,,,Ferretería
Adhesivos Super Glue,,,,Ferretería
Adhesivos Loctite 495,,,,Ferretería
Adhesivos Loctite 416,,,,Ferretería
Adhesivos Loctite 402,,,,Ferretería
Aprieta Terminales,,Force,,Ferretería
Aprieta Terminales,,Knipe,,Ferretería
Bisagras para puerta,,,,Ferretería
Brochas,,,,Ferretería
Broca p/hormigón,4 mm.,,,Ferretería
Broca p/hormigón,6 mm.,,,Ferretería
Broca p/hormigón,8 mm.,,,Ferretería
Broca p/hormigón,10 mm.,,,Ferretería
Broca p/hormigón,12 mm.,,,Ferretería
Broca p/hormigón,45659,,,Ferretería
Broca p/hormigón,16 mm.,,,Ferretería
Broca Hormigon SDS Pluss,6 mm.,,,Ferretería
Broca Hormigon SDS Pluss,8 mm.,,,Ferretería
Broca Hormigon SDS Pluss,10 mm.,,,Ferretería
Broca Hormigon SDS Pluss,12 mm.,,,Ferretería
Broca Hormigon SDS Pluss,14 mm.,,,Ferretería
Broca Hormigon SDS Pluss,16 mm.,,,Ferretería
Broca Hormigon SDS Pluss,18 mm.,,,Ferretería
Broca Hormigon SDS Pluss,20 mm.,,,Ferretería
Broca Hormigon SDS Pluss,22 mm.,,,Ferretería
Broca Hormigon SDS Pluss,25 mm.,,,Ferretería
Candados,Todos los tamaños,ODIS,,Ferretería
Candados,Todos los tamaños,Master Lock,,Ferretería
Carros para portón ,80 kls - 100 kls,,,Ferretería
Cautín Eléctrico,,,,Ferretería
Cuchillos Cartoneros Plasticos,,,,Ferretería
Cuchillos Cartoneros Metálicos,,,,Ferretería
Cinta Masket,10 mm.,,,Ferretería
Cinta Masket,20 mm.,,,Ferretería
Cinta Masket,30 mm.,,,Ferretería
Cinta Masket,40 mm.,,,Ferretería
Cinta Masket,50 mm.,,,Ferretería
Chapas de Sobreponer,,,,Ferretería
Chapas de Interior,,,,Ferretería
Cortador de Tubos - Expandidor,,,,Ferretería
Candados,,,,Ferretería
Chicharra ,"1/2"" Mecanica",,,Ferretería
Chicharra ,"1/2"" Neumatica",,,Ferretería
Chicharra ,"3/4"" Neumatica",,,Ferretería
Chicharras,"1/2 "" - 3/8 "" - 1/2""",Force,Taiwan,Ferretería
Cuchillo Cartonero,,,,Ferretería
Corta Vidrios,,,,Ferretería
Cinta Electrica Plastica,,,,Ferretería
Cinta Electrica Fibra,,,,Ferretería
Cinta de Embalaje,,,,Ferretería
Cerrojos para portón,,,,Ferretería
Cinceles TOMA,,SDS PLUS,,Ferretería
Espátulas,,,,Ferretería
Dados ,,,,Ferretería
Dado de Golpe,,Force,Taiwan,Ferretería
Disco Corte Hormigón,"4 1/2""",Bosh,,Ferretería
Disco Corte Hormigón,"4 1/2""",,Korea,Ferretería
Disco Corte Hormigón,"7 1/4""",Bosh,,Ferretería
Disco Corte Hormigón,"9""",Bosh,,Ferretería
Disco Pulir Hormigón ,"7 1/4""",Bosh,,Ferretería
Disco Pulir Goma,"4 1/2""",Bosh,,Ferretería
Discos de Sierra Circular,,,,Ferretería
Diamante p/ceramica,,,,Ferretería
Diamante c/vidrio,,,,Ferretería
Espatulas,"1""",Bellota,,Ferretería
Espatulas,"2""",Bellota,,Ferretería
Espatulas ,"3""",Bellota,,Ferretería
Espatulas ,"4""",Bellota,,Ferretería
Espuma para sellar,,,,Ferretería
Extractores de Pernos,,,,Ferretería
Flexible para Agna,,,,Ferretería
Flexible para Gas,,,,Ferretería
Flexometro,3 mts.,Stanley,,Ferretería
Flexometro,5 mts.,Stanley,,Ferretería
Flexometro,8 mts.,Stanley,,Ferretería
Flexometro,30 mts N° 302,Stanley,,Ferretería
Fitting de Bronce,,,,Ferretería
Gratas Copa,"4 1/2""",,,Ferretería
Gratas Disco,"4 1/2"" - 71/4""",,,Ferretería
Juego de Alicates,3 Piezas,Stanley,,Ferretería
Juego Limas 3 pzas.,,,China,Ferretería
Juego Expandidor/corta tubo,,,,Ferretería
Juego de Gubias,,,,Ferretería
Llaves de Bola Inoxidable,"1/2"" - 3/4"" - 1"" - 1 1/2"" - 2""",,,Ferretería
Llaves Mandrill,45659,,,Ferretería
Llaves Mandrill,45720,,,Ferretería
Llave Paso (soldar),45659,,,Ferretería
Llave Paso (soldar),45720,,,Ferretería
Llaves de Paso,"1/2"" - 3/4"" - 1""",Stretto,,Ferretería
Llave Jardin,45659,,,Ferretería
Llave Paso Gas,,,,Ferretería
Llave Esmeril Angular,,,,Ferretería
Llave Crescent,"6""",,,Ferretería
Llave Crescent,"8""",,,Ferretería
Llave Stillson,"6""",,,Ferretería
Llave Stillson,"8""",,,Ferretería
Llave Stillson,"10""",,,Ferretería
Llave Stillson,"12""",,,Ferretería
Llave Stillson,"14""",,,Ferretería
Llave Stillson,"16""",,,Ferretería
Llave Stillson,"18""",,,Ferretería
Llave Stillson,"24""",,,Ferretería
Llave Stillson,"36""",,,Ferretería
Llaves Saca Filtros,,,,Ferretería
Llaves Gásfiter,,,,Ferretería
Llanas y Planas,,Bellota,,Ferretería
Martillo Carpintero,,Black and Decker,,Ferretería
Martillo ,,Peña,,Ferretería
Medidores Agua,"1/2"" - 3/4"" - 1""",,,Ferretería
Juego Atornillador de Precisión,,,,Ferretería
Juego Destornilladores ,mm - pulgadas,Stanley,,Ferretería
Juego de Machos,mm,Tótem,China,Ferretería
Juego de Machos,Pulgadas,Tótem,China,Ferretería
Juego de Machos,mm,Volkel,Alemania,Ferretería
Juego de Machos,Pulgadas,Volkel,Alemania,Ferretería
Juego de Machos,mm,Ferg,Australia,Ferretería
Juego de Machos,Pulgadas,Ferg,Australia,Ferretería
Juego de Machos,mm,Dormer,Brasil-Japón,Ferretería
Juego de Machos,Pulgadas,Dormer,Brasil-Japón,Ferretería
Machos UNC,0.1875,,,Ferretería
Machos UNC,0.3125,,,Ferretería
Macetas de Goma,,,,Ferretería
Neón,"3/32 - 1/8""",,,Ferretería
Martillos Carpinteros,,Stanley,,Ferretería
Marcos de Sierra,,Stanley,,Ferretería
Perillón para puertas,,,,Ferretería
Pelacables,,,,Ferretería
Pistola calafatera,,,,Ferretería
Punta Philips (P2),,,,Ferretería
Repuestos para cerámica,,,,Ferretería
Rodillos,,,,Ferretería
Regulador de Gas,,,,Ferretería
Remachadora,,,,Ferretería
Soldaduras Estaño 50%,,,,Ferretería
Soldaduras Estaño 90%,,,,Ferretería
Sachet,Soldadura - Pasta Estaño,,,Ferretería
Siliconas,,,,Ferretería
Formones,Variadas Medidas,,,Ferretería
Tizador ,"10""",Stanley,,Ferretería
Tijeras Hojalateras,,,,Ferretería
Multitester,,Fluke,,Ferretería
Amperímetros,,,,Ferretería
Busca Polos,,,,Ferretería
Cintas Eléctricas,Todos los Colores,3M,,Ferretería
Cinta Autofundente,,3M,,Ferretería
Cinta de Fibra de Vidrio,"1/2"" - 3/4""",,,Ferretería
Automáticos,,,,Ferretería
Diferenciales,,,,Ferretería
Interruptores,,,,Ferretería
Módulos,,,,Ferretería
Boquillas Oxicorte,,,,Metalmecánica
Caimanes,,,,Metalmecánica
Corta Llamas,,,,Metalmecánica
Chispero,,,,Metalmecánica
Extractores Rodamientos,"3""",,,Metalmecánica
Extractores Rodamientos,"4""",,,Metalmecánica
Extractores Rodamientos,"5""",,,Metalmecánica
Extractores Rodamientos,"6""",,,Metalmecánica
Juego Llaves Punta Corona,,Black and Decker,,Metalmecánica
Juego Llaves  Punta Corona,,Alle,,Metalmecánica
Juego Llaves  Punta Corona,,man,,Metalmecánica
Juego de Dados Estrella,,Force,Taiwan,Metalmecánica
Juego Llaves Allen,,Force,,Metalmecánica
Juego Llaves Allen,,Proto,,Metalmecánica
Juego Llaves Torx,,Force,,Metalmecánica
Juegos de Dados,mm- Pulgadas,Force,Taiwan,Metalmecánica
Juegos de Dados,mm- Pulgadas,Stanley,Brasil,Metalmecánica
Juegos de Dados,Proto,Proto,USA,Metalmecánica
Juegos de Dados,Estrella,Force,Taiwan,Metalmecánica
Juego Dados Allen,,Proto,,Metalmecánica
Juego Dados Allen,,Force,,Metalmecánica
Juego Dados Hexagonales,,Nikolson,,Metalmecánica
Juego Dados Hexagonales,,Force,,Metalmecánica
Juego Dados Torx,,,,Metalmecánica
Juego Llaves Allen,,,China,Metalmecánica
Juego Llaves Allen,,Force,,Metalmecánica
Juego Llaves Allen,,Stanley,,Metalmecánica
Juego Llaves Allen,Estrella,Force,,Metalmecánica
Juego Llaves Allen,Estrella,Stanley,,Metalmecánica
Juego Llaves Torx,,,China,Metalmecánica
Juego de Limpia Boquillas Oxicorte,,Indura,,Metalmecánica
Limas Planas,"12""",,,Metalmecánica
Limas 1/2 caña,"12""",,,Metalmecánica
Limatón,,,,Metalmecánica
Lima Cuadrada,"6""",,,Metalmecánica
Lima Cuadrada,"8""",,,Metalmecánica
Lima Cuadrada,"12""",,,Metalmecánica
Limas Matriceras,,J.K,India,Metalmecánica
Limas Planas,,J.K,India,Metalmecánica
Limpia Contactos,,,,Metalmecánica
Lapiz marca metal,,,,Metalmecánica
Lapiz Rayador metal,,,,Metalmecánica
Letras de Golpe,,,,Metalmecánica
Llave Torques Cuadrante,0.75,,China,Metalmecánica
Llave Torques Cuadrante,0.5,Gedore,Brasil,Metalmecánica
Llave Torques Cuadrante,0.375,,,Metalmecánica
Llaves de Torque,3/8 15 lbs - 80 lbs,Force,Taiwan,Metalmecánica
Llaves de Torque,1/2 30 lbs - 150 lbs,Force,Taiwan,Metalmecánica
Llaves de Torque,1/2 50 lbs - 250 lbs,Force,Taiwan,Metalmecánica
Llaves de Torque,1/2 50 lbs - 600 lbs,Force,Taiwan,Metalmecánica
Loctite,242 - 277 - 271 - 401 - 495 - 515 - 609,,,Metalmecánica
Machos de Bronce,3 - 18 lbs,,,Metalmecánica
Mascara Soldar Fotosensible,,,,Metalmecánica
Porta Electrodos,200 - 300 - 500 AMP,,Taiwan,Metalmecánica
Porta Electrodos,200 - 300 - 500 AMP,,China,Metalmecánica
Porta Electrodos,200 - 300 - 500 AMP,,Alemania,Metalmecánica
Porta Electrodo 300,300m AMP,Lemco,USA,Metalmecánica
Porta Electrodo 300,300m AMP,,China,Metalmecánica
Pistola TIG,,Miller,,Metalmecánica
Pistola MIG,,Lincoln,,Metalmecánica
Porta Pinzas (toma tierra) 300 Amp.,,,,Metalmecánica
Porta Pinzas (toma tierra) 500 Amp.,,,,Metalmecánica
Pinza de Tierra,300 - 500 AMP,,Taiwan,Metalmecánica
Porta Broca c/hilo,45659,,China,Metalmecánica
Porta Broca  ,B - 16,,,Metalmecánica
Porta Broca  ,B - 18,,,Metalmecánica
Porta Broca  ,B - 22,,,Metalmecánica
Regla Metalica,1 mt.,,,Metalmecánica
Regla Metalica,50 cm.,,,Metalmecánica
Regla Metalica,20 cm.,,,Metalmecánica
Electrodo,6011 - 332,,,Metalmecánica
Electrodo,6011 - 5 - 32,,,Metalmecánica
Electrodo,0.125,,,Metalmecánica
Electrodo inoxidable,319 L,,,Metalmecánica
Electrodo inoxidable,309 L,,,Metalmecánica
Fierro Fundido ,332,,,Metalmecánica
Fierro Fundido ,0.125,,,Metalmecánica
Plata c/fundente,3 - 32,,,Metalmecánica
Plata s/fundente,1 - 32,,,Metalmecánica
Terrajadora (juego),,,,Metalmecánica
Taladro Magnetico,,,,Metalmecánica
Taladro Pedestal,,,,Metalmecánica
Taladro Torno,,,,Metalmecánica
WD40,,,,Metalmecánica
Acero Rapido,5 mm.,,Korea,Tornería
Acero Rapido,45665,,Korea,Tornería
Acero Rapido,45661,,Korea,Tornería
Acero Rapido,45724,,Korea,Tornería
Acero Rapido,45659,,Korea,Tornería
Acero Rapido,45720,,Korea,Tornería
Acero Rapido,45785,,Korea,Tornería
Acero Rapido,"1""",,Korea,Tornería
Acero para Tronzar,45659,,,Tornería
Acero para Tronzar,45785,,,Tornería
Acero para Tronzar,45846,,,Tornería
Acero para Tronzar,45720,,,Tornería
Acero para Tronzar,"1""",,,Tornería
Base Magnética,,Korea,Korea,Tornería
Base Magnética,,Mitutoyo,Japón,Tornería
Base Magnética,,Mitutoyo,Japón,Tornería
Block Porta Lamas,20-26 / 25-32 / 32-32,,Taiwan,Tornería
Brocas Anulares,Con / Sin Tungsteno desde 13 mm hasta 70 mm,Toma Weldon,,Tornería
Juego de Brocas,1 - 13 mm.,Alpen,Austria,Tornería
Juego de Brocas,,,China,Tornería
Brocas en mm,1 - 25 mm,Graztai,Lituania,Tornería
Brocas en mm,1 - 25 mm,Dormer,Brasil,Tornería
Brocas en mm,1 - 25 mm,JK,India,Tornería
Brocas con Inserto,Desde 16 mm - 58 mm,Sant,Taiwan,Tornería
Brocas Cono Morse,10 mm - 76 mm,JK,India,Tornería
Brocas Cono Morse,10 mm - 76 mm,Dormer,Brasil,Tornería
Brocas Cono Morse,10 mm - 76 mm,Graztai,Lituania,Tornería
Brocas Cono Morse,12 mm.,,,Tornería
Brocas Cono Morse,12.5 mm.,,,Tornería
Brocas Cono Morse,13.5 mm.,,,Tornería
Brocas Cono Morse,14.0 mm.,,,Tornería
Brocas Cono Morse,14.5 mm.,,,Tornería
Brocas Cono Morse,15.0 mm.,,,Tornería
Brocas Cono Morse,15.5 mm.,,,Tornería
Brocas Cono Morse,16.0 mm.,,,Tornería
Brocas Cono Morse,16.5 mm.,,,Tornería
Brocas Cono Morse,17.0 mm.,,,Tornería
Brocas Cono Morse,17.5 mm.,,,Tornería
Brocas Cono Morse,18.0 mm.,,,Tornería
Brocas Cono Morse,18.5 mm.,,,Tornería
Brocas Cono Morse,19.0 mm.,,,Tornería
Brocas Cono Morse,19.5 mm.,,,Tornería
Brocas Cono Morse,20.0 mm.,,,Tornería
Brocas Cono Morse,20.5 mm.,,,Tornería
Brocas Cono Morse,21.0 mm.,,,Tornería
Brocas Cono Morse,21.5 mm.,,,Tornería
Brocas Cono Morse,22.0 mm.,,,Tornería
Brocas Cono Morse,22.5 mm.,,,Tornería
Brocas Cono Morse,23.0 mm.,,,Tornería
Brocas Cono Morse,23.5 mm.,,,Tornería
Brocas Cono Morse,24.0 mm.,,,Tornería
Brocas Cono Morse,24.5 mm.,,,Tornería
Brocas Cono Morse,25.0 mm.,,,Tornería
Brocas Cono Morse,25.5 mm.,,,Tornería
Brocas Cono Morse,26.0 mm.,,,Tornería
Brocas Cono Morse,26.5 mm.,,,Tornería
Brocas Cono Morse,27.0 mm.,,,Tornería
Brocas Cono Morse,27.5 mm.,,,Tornería
Brocas Cono Morse,28.0 mm.,,,Tornería
Brocas Cono Morse,28.5 mm.,,,Tornería
Brocas Cono Morse,29.0 mm.,,,Tornería
Brocas Cono Morse,29.5 mm.,,,Tornería
Brocas Cono Morse,30.0 mm.,,,Tornería
Brocas Cono Morse,30.5 mm.,,,Tornería
Brocas Cono Morse,31.0 mm.,,,Tornería
Brocas Cono Morse,31.5 mm.,,,Tornería
Brocas Cono Morse,32.0 mm.,,,Tornería
Brocas Cono Morse,32.5 mm.,,,Tornería
Brocas Cono Morse,33.0 mm.,,,Tornería
Brocas Cono Morse,33.5 mm.,,,Tornería
Brocas Cono Morse,34.0 mm.,,,Tornería
Brocas Cono Morse,34.5 mm.,,,Tornería
Brocas Cono Morse,35.0 mm.,,,Tornería
Brocas Cono Morse,35.5 mm.,,,Tornería
Brocas Cono Morse,36.0 mm.,,,Tornería
Brocas Cono Morse,36.5 mm.,,,Tornería
Brocas Cono Morse,37.0 mm.,,,Tornería
Brocas Cono Morse,37.5 mm.,,,Tornería
Brocas Cono Morse,38.0 mm.,,,Tornería
Brocas Cono Morse,38.5 mm.,,,Tornería
Brocas Cono Morse,39.0 mm.,,,Tornería
Brocas Cono Morse,39.5 mm.,,,Tornería
Brocas Cono Morse,40.0 mm.,,,Tornería
Brocas Cono Morse,40.5 mm.,,,Tornería
Brocas Cono Morse,41.0 mm.,,,Tornería
Brocas Cono Morse,41.5 mm.,,,Tornería
Brocas Cono Morse,42.0 mm.,,,Tornería
Brocas Cono Morse,42.5 mm.,,,Tornería
Brocas Cono Morse,43.0 mm.,,,Tornería
Brocas Cono Morse,43.5 mm.,,,Tornería
Brocas Cono Morse,44.0 mm.,,,Tornería
Brocas Cono Morse,44.5 mm.,,,Tornería
Brocas Cono Morse,45.0 mm.,,,Tornería
Brocas Cono Morse,45.5 mm.,,,Tornería
Brocas Cono Morse,46.0 mm.,,,Tornería
Brocas Cono Morse,46.5 mm.,,,Tornería
Brocas Cono Morse,47.0 mm.,,,Tornería
Brocas Cono Morse,47.5 mm.,,,Tornería
Brocas Cono Morse,48.0 mm.,,,Tornería
Brocas Cono Morse,48.5 mm.,,,Tornería
Brocas Cono Morse,49.0 mm.,,,Tornería
Brocas Cono Morse,49.5 mm.,,,Tornería
Brocas Cono Morse,50.0 mm.,,,Tornería
Brocas Cono Morse,50.5 mm.,,,Tornería
Brocas Cono Morse,51.0 mm.,,,Tornería
Brocas Cono Morse,51.0 mm.,,,Tornería
Brocas Cono Morse,51.5 mm.,,,Tornería
Brocas Cono Morse,52.0 mm.,,,Tornería
Brocas Cono Morse,52.5 mm.,,,Tornería
Brocas Cono Morse,53.0 mm.,,,Tornería
Brocas Cono Morse,53.5 mm.,,,Tornería
Brocas Cono Morse,54.0 mm.,,,Tornería
Brocas Cono Morse,54.5 mm.,,,Tornería
Brocas Cono Morse,55.0 mm.,,,Tornería
Brocas Cono Morse,55.5 mm.,,,Tornería
Brocas Cono Morse,56.0 mm.,,,Tornería
Brocas Cono Morse,56.5 mm.,,,Tornería
Brocas Cono Morse,57.0 mm.,,,Tornería
Brocas Cono Morse,57.5 mm.,,,Tornería
Brocas Cono Morse,58.0 mm.,,,Tornería
Brocas Cono Morse,58.5 mm.,,,Tornería
Brocas Cono Morse,59.0 mm.,,,Tornería
Brocas Cono Morse,59.5 mm.,,,Tornería
Brocas Cono Morse,60.0 mm.,,,Tornería
Brocas c/inserto,,,,Tornería
Broca Milimetrica ( Cilindrica ),1 mm.,,,Tornería
Broca Milimetrica ( Cilindrica ),1.5 mm.,,,Tornería
Broca Milimetrica ( Cilindrica ),2.0 mm.,,,Tornería
Broca Milimetrica ( Cilindrica ),2.5 mm.,,,Tornería
Broca Milimetrica ( Cilindrica ),3.0 mm.,,,Tornería
Broca Milimetrica ( Cilindrica ),3.2 mm.,,,Tornería
Broca Milimetrica ( Cilindrica ),3.5 mm.,,,Tornería
Broca Milimetrica ( Cilindrica ),4.0 mm. ,,,Tornería
Broca Milimetrica ( Cilindrica ),4.2 mm. ,,,Tornería
Broca Milimetrica ( Cilindrica ),4.5 mm.,,,Tornería
Broca Milimetrica ( Cilindrica ),5.0 mm.,,,Tornería
Broca Milimetrica ( Cilindrica ),5.5 mm.,,,Tornería
Broca Milimetrica ( Cilindrica ),6.0 mm.,,,Tornería
Broca Milimetrica ( Cilindrica ),6.5 mm.,,,Tornería
Broca Milimetrica ( Cilindrica ),7.0 mm.,,,Tornería
Broca Milimetrica ( Cilindrica ),7.5 mm.,,,Tornería
Broca Milimetrica ( Cilindrica ),8.0 mm.,,,Tornería
Broca Milimetrica ( Cilindrica ),8.5 mm.,,,Tornería
Broca Milimetrica ( Cilindrica ),9.0 mm.,,,Tornería
Broca Milimetrica ( Cilindrica ),9.5 mm.,,,Tornería
Broca Milimetrica ( Cilindrica ),10.0 mm.,,,Tornería
Broca Milimetrica ( Cilindrica ),10.5 mm.,,,Tornería
Broca Milimetrica ( Cilindrica ),11.0 mm.,,,Tornería
Broca Milimetrica ( Cilindrica ),11.5 mm.,,,Tornería
Broca Milimetrica ( Cilindrica ),12.0 mm.,,,Tornería
Broca Milimetrica ( Cilindrica ),12.5 mm.,,,Tornería
Broca Milimetrica ( Cilindrica ),13.0 mm.,,,Tornería
Broca Milimetrica ( Cilindrica ),13.5 mm.,,,Tornería
Broca Milimetrica ( Cilindrica ),14.0 mm.,,,Tornería
Broca Milimetrica ( Cilindrica ),14.5 mm.,,,Tornería
Broca Milimetrica ( Cilindrica ),15.0 mm.,,,Tornería
Broca Milimetrica ( Cilindrica ),15.5 mm.,,,Tornería
Broca Milimetrica ( Cilindrica ),16.0 mm.,,,Tornería
Broca Milimetrica ( Cilindrica ),16.5 mm.,,,Tornería
Broca Milimetrica ( Cilindrica ),17.0 mm.,,,Tornería
Broca Milimetrica ( Cilindrica ),17.5 mm.,,,Tornería
Broca Milimetrica ( Cilindrica ),18.0 mm.,,,Tornería
Broca Milimetrica ( Cilindrica ),18.5 mm.,,,Tornería
Broca Milimetrica ( Cilindrica ),19.0 mm.,,,Tornería
Broca Milimetrica ( Cilindrica ),19.5 mm.,,,Tornería
Broca Milimetrica ( Cilindrica ),20.0 mm.,,,Tornería
Broca Milimetrica ( Cilindrica ),20.5 mm.,,,Tornería
Broca Milimetrica ( Cilindrica ),21.0 mm.,,,Tornería
Broca Milimetrica ( Cilindrica ),21.5 mm.,,,Tornería
Broca Milimetrica ( Cilindrica ),22.0 mm.,,,Tornería
Broca Milimetrica ( Cilindrica ),22.5 mm.,,,Tornería
Broca Milimetrica ( Cilindrica ),23.0 mm.,,,Tornería
Broca Milimetrica ( Cilindrica ),23.5 mm.,,,Tornería
Broca Milimetrica ( Cilindrica ),24.0 mm.,,,Tornería
Broca Milimetrica ( Cilindrica ),24.5 mm.,,,Tornería
Broca Milimetrica ( Cilindrica ),25.0 mm.,,,Tornería
Broca de Centro,2.5 x 6,,,Tornería
Broca de Centro,3.15 x 8,,,Tornería
Broca de Centro,4 x 10,,,Tornería
Broca de Centro,5 x 12.5,,,Tornería
Broca de Centro,6 x 16.5,,,Tornería
Broca de Centro,7 x 20,,,Tornería
Broca de Centro,8 x 20,,,Tornería
Cabezal Barrenador F1,Desde 50 mm - 100 mm (Capacidad 10 mm -630 mm),,Taiwan,Tornería
Cabezal Divisor ,0 - 1 - 2,,Chino,Tornería
Centro Giratorio para tubos,Desde 100 mm - 250 mm,,,Tornería
Conos Reductores(Morse),1-2 / 3-2 / 4-3/5-4/6-5,Harvest,Taiwan,Tornería
Cono Espiga ,B12,,Taiwan,Tornería
Cono Espiga ,B16,,Taiwan,Tornería
Cono Espiga ,B18,,Taiwan,Tornería
Cono Espiga ,B22,,Taiwan,Tornería
Cono Espiga ,B27,,Taiwan,Tornería
Cono Espiga ,B18 ,,,Tornería
Cono Espiga ,B22,,,Tornería
Cono para Fresas,ISO 40,,,Tornería
Cono para Fresas,ISO 50,,,Tornería
Cono para Fresas,ISO 60,,,Tornería
Compas Frontal,"6""",,,Tornería
Compas Frontal,"8""",,,Tornería
Compas Frontal,"12""",,,Tornería
Compas Interior,"8""",,,Tornería
Compas Interior,"6""",,,Tornería
Compas Interior,"12""",,,Tornería
Compas Exterior,"8""",,,Tornería
Compas Exterior,"6""",,,Tornería
Compas Exterior,"12""",,,Tornería
Cuenta Hilos, ,Insize,,Tornería
Cuenta Hilos Dobles mm. Pulg.,,,,Tornería
Cuenta Hilos simple pulg.,,,,Tornería
Cabezal Barrenador,,,,Tornería
Centro Giratorio Cono 1-2,,,,Tornería
Centro Giratorio Cono 3-2,,,,Tornería
Centro Giratorio Cono 4-3,,,,Tornería
Centro Giratorio Cono 5-4,,,,Tornería
Centro Giratorio  Cono 6-5,,,,Tornería
Cono Morse 1-2,,,,Tornería
Cono Morse 2-3,,,,Tornería
Cono Morse 4-3,,,,Tornería
Cono Morse 5-4,,,,Tornería
Cono Morse 6-5,,,,Tornería
Extensión Cono Morse,3-2 / 4-3 / 5-4,,,Tornería
Extractor de Pernos,,,,Tornería
Extractor de Patas,"3"" - 6"" - 8 "" - 12""",,,Tornería
Discos Ranudadores p/metal,,,,Tornería
Disco Tronzadores p/metal,,,,Tornería
Escariadores,,,,Tornería
Escuadra de Combinacion,,,Korea,Tornería
Escuadra de Combinacion,,Mitutoyo,Japón,Tornería
Escuadra de Combinacion,,,China,Tornería
Escuadras de Talón,"6"" - 12"" - 24 """,Angelito,,Tornería
Escuadras Biseladas,70x100 / 200 x 130,Insize,,Tornería
Filler,,,,Tornería
Fresas Contonear,20 mm - 40 mm,,,Tornería
Fresas Frontales con Insertos,Desde 10 mm - 32 mm,,,Tornería
Fresas Planear Escuadrar,45º - 75º - 90º,Saandog,Taiwan,Tornería
Fresas Frontales Adisson,3 mm.,,,Tornería
Fresas Frontales Adisson,4 mm.,,,Tornería
Fresas Frontales Adisson,5 mm.,,,Tornería
Fresas Frontales Adisson,6 mm.,,,Tornería
Fresas Frontales Adisson,8 mm.,,,Tornería
Fresas Frontales Adisson,10 mm.,,,Tornería
Fresas Frontales Adisson,12 mm.,,,Tornería
Fresas Frontales Adisson,14 mm.,,,Tornería
Fresas Frontales Adisson,16 mm.,,,Tornería
Fresas Frontales Adisson,18 mm.,,,Tornería
Fresas Frontales Adisson,20 mm.,,,Tornería
Fresas Frontales Adisson,22 mm.,,,Tornería
Fresas Frontales Adisson,24 mm.,,,Tornería
Fresas Frontales Adisson,25 mm.,,,Tornería
Fresas Frontales Sandvik,3 mm.,,,Tornería
Fresas Frontales Sandvik,4 mm.,,,Tornería
Fresas Frontales Sandvik,5 mm.,,,Tornería
Fresas Frontales Sandvik,6 mm.,,,Tornería
Fresas Frontales Sandvik,8 mm.,,,Tornería
Fresas Frontales Sandvik,10 mm.,,,Tornería
Fresas Frontales Sandvik,12 mm.,,,Tornería
Fresas Frontales Sandvik,14 mm.,,,Tornería
Fresas Frontales Sandvik,16 mm.,,,Tornería
Fresas Frontales Sandvik,18 mm.,,,Tornería
Fresas Frontales Sandvik,20 mm.,,,Tornería
Fresas Frontales Sandvik,22 mm.,,,Tornería
Fresas Frontales Sandvik,24 mm.,,,Tornería
Fresas Frontales Sandvik,25 mm.,,,Tornería
Fresas Frontales,5% CO,Higred,Taiwan,Tornería
Fresas Frontales,10% CO METAL DURO,,Taiwan,Tornería
Feller 20 Hojas,,,Alemania,Tornería
Feller 20 Hojas,,,China,Tornería
Feller 40 Hojas,,,Alemania,Tornería
Feller 40 Hojas,,,China,Tornería
Goniometro,,,,Tornería
Juego de Boquillas ,ISO 30 - 40 -50 ,Vertex,Taiwan,Tornería
Juego de Boquillas ,Cono Morse,Vertex,Taiwan,Tornería
Juego Porta pinzas 11 pzas MT 3,,,Korea,Tornería
Kit de Sujeción,14 mm  - 16 mm - 18 mm,,,Tornería
Lama Tronzar ,250,Korloy,,Tornería
Lama Tronzar ,300,Korloy,,Tornería
Lama Tronzar ,300,Sandvik,,Tornería
Lama Tronzar ,400,Korloy,,Tornería
Lama Tronzar ,400,Sandvik,,Tornería
Lama Tronzar ,400,Mitsubishi,,Tornería
Lama Tronzar ,400,Kennametal,,Tornería
Lama Tronzar ,400,Widia,,Tornería
Lama Tronzar ,500,Sandvik,,Tornería
Lama Tronzar ,600,Sandvik,,Tornería
Lija Traslapada,3 mm - 80 mm,,,Tornería
Lija Traslapada,45661,,,Tornería
Limas Rotativas,"Carburo - Tungsteno Toma 1/4"" - 6 mm - 8 mm",Bahco,Suiza,Tornería
Modulos,,,,Tornería
Micrometro Interior,50 - 300 / 50 - 500 / 50 - 600 hasta 1500 mm,Mitutoyo,Japón,Tornería
Micrometro Interior,50 - 500,,,Tornería
Micrometro Interior,50 - 600,,Korea,Tornería
Micrometro Exterior,25,,Korea,Tornería
Micrometro Exterior,25,Mitutoyo,Japón,Tornería
Micrometro Exterior,0 -25 / 25-50 hasta 1 - 500 mm,Mitutoyo,Japón,Tornería
Micrometro Exterior,25-50,,Korea,Tornería
Micrometro Exterior,50 - 75,,Korea,Tornería
Micrometro Exterior,75 - 100,,Korea,Tornería
Micrometro Exterior,100 - 125,,Korea,Tornería
Micrometro Exterior,125 - 150,,Korea,Tornería
Micrometro Exterior,150 - 200,,Korea,Tornería
Micrometro Exterior,200 - 250,,Korea,Tornería
Micrometro Exterior,250 - 300,,Korea,Tornería
Machos UNC,0.25,,,Tornería
Machos UNC,0.125,,,Tornería
Machos UNC,0.375,,,Tornería
Machos UNC,0.5,,,Tornería
Machos UNC,0.75,,,Tornería
Machos UNC,0.4375,,,Tornería
Machos UNC,0.5625,,,Tornería
Machos UNC,0.625,,,Tornería
Machos UNF,0.1875,,,Tornería
Machos UNF,0.3125,,,Tornería
Machos UNF,0.25,,,Tornería
Machos UNF,0.375,,,Tornería
Machos UNF,0.5,,,Tornería
Machos UNF,0.75,,,Tornería
Machos UNF,0.4375,,,Tornería
Machos UNF,0.5625,,,Tornería
Machos UNF,0.625,,,Tornería
Machos BSP,0.375,,,Tornería
Machos NPT,0.25,,,Tornería
Machos NPT,0.125,,,Tornería
Machos NPT,0.375,,,Tornería
Machos NPT,0.5,,,Tornería
Machos NPT,0.75,,,Tornería
Machos NPT,"2""",,,Tornería
Machos NPT,"1""",,,Tornería
Nivel de Precisión,,,,Tornería
Números de golpe,,,,Tornería
Porta Lama,20 - 20 - 25,,Korea,Tornería
Porta Lama,25 - 25 - 32,Mitsubishi,,Tornería
Porta Lama,25 - 25 - 32,,Korea,Tornería
Porta Lama,25 - 25 - 32,Sandvik,,Tornería
Porta Lama,25 - 25 - 32,Kennametal,,Tornería
Porta Lama,25 - 25 - 32,,Nacional,Tornería
Porta Lama,25 - 25 - 32,Tools,,Tornería
Porta Lama,32 - 32 - 32,Tools,,Tornería
Pie de Metro ,"6""",Liszt,,Tornería
Pie de Metro ,"6""",,China,Tornería
Pie de Metro(Mecánicos),"6""- 8"" - 12"" - 24"" - 48""",Mitutoyo,,Tornería
Pie de Metro ,"8""",Liszt,,Tornería
Pie de Metro ,"8""",,China,Tornería
Pie de Metro ,"8""",Mitutoyo,,Tornería
Pie de Metro ,"10""",Liszt,,Tornería
Pie de Metro ,"12""",Mitutoyo,,Tornería
Pie de Metro ,"12""",,China,Tornería
Pie de Metro,,Insize,,Tornería
Pie de Metro,"24""",Mitutoyo,,Tornería
Pie de Metro,"40""",Mitutoyo,,Tornería
Placas para Mecanizar,,Sandvik,,Tornería
Placas TNMG,39560,Kennametal,,Tornería
Placas TNMG,39554,Widia,,Tornería
Placas Desbaste - Tronzado,,Walter,,Tornería
Placas para Ranurado - Para Hilo,,Korloy,,Tornería
Placas todas las medidas y usos,,Lámina,,Tornería
Plantilla de Radio 1.5 -7 / 8 -20,,,,Tornería
Plantilla de Radio 1 - 13,,,,Tornería
Plantilla de Radio 5 - 20,,,,Tornería
Plantilla de Filo 55º,,,,Tornería
Plantilla de Filo 60º,,,,Tornería
Platos para torno 3 Garras,desde 50 - 500 mm,,Taiwan,Tornería
Platos para torno 4 Garras,desde 100 -400 mm,,Taiwan,Tornería
Piedras para Esmeril,"Carburo - Silicio 6"" - 8 """,Isesa,Brasil,Tornería
Piedra Esmeril Norton,"8""",Norton,,Tornería
Piedras Montadas,6mm,,Brasil,Tornería
Piedra p/chispero ,,Indura,,Tornería
Porta Macho,1/4 - 1/2,,,Tornería
Porta Macho,1/4 - 3/4,,,Tornería
Porta Terraja,0.25,,,Tornería
Porta Terraja,0.5,,,Tornería
Porta Terraja,"1""",,,Tornería
Porta Terraja,"1"" 1/2",,,Tornería
Porta Broca con Llave,"B-16/ B-18/B-22/B-27 Conicos con hilo 1/2""",,Taiwan,Tornería
Porta Broca Apriete Rápido,B-16/ B-18/B-22,,Taiwan,Tornería
Porta Herramientas Exterior,1/2 x 1/2 x 4 TNMG 16,,Nacional,Tornería
Porta Herramientas Exterior,1/2 x 1/2 x 4 DCMT 11,,Nacional,Tornería
Porta Herramientas Exterior,5/8 x 5/8 x 4 DCMT 11,,Nacional,Tornería
Porta Herramientas Exterior,20 - 20 - frontal TNMG 16,,Nacional,Tornería
Porta Herramientas Exterior,20 - 20 - frontal TNMG 16,,Korea,Tornería
Porta Herramientas Exterior,20 - 20 derecho TNMG 16,,Korea,Tornería
Porta Herramientas Exterior,20 - 20 izquierdo TNMG 16,,Korea,Tornería
Porta Herramientas Exterior,25 - 25 neutro TNMG 22,,Korea,Tornería
Porta Herramientas Exterior,25 - 25 derecho TNMG 22,,Korea,Tornería
Porta Herramientas Exterior,25 - 25 izquierdo TNMG 22,,Korea,Tornería
Porta Herramientas Exterior,32 - 32 neutro TNMG 22,,Korea,Tornería
Porta Herramientas Exterior,32 - 32 derecho TNMG 22,,Korea,Tornería
Porta Herramientas Exterior,32 - 32 izquierdo TNMG 22,,Korea,Tornería
Porta Herramientas Exterior,20 - 20 neutro VBMT,Kennametal,,Tornería
Porta Herramientas Exterior,20 - 20 derecho VBMT,Kennametal,,Tornería
Porta Herramientas Exterior,25 - 25 derecho VBMT,,Korea,Tornería
Porta Herramientas Exterior,25 - 25 neutro VBMT,,Korea,Tornería
Porta Herramientas Exterior,25 - 25 izquierdo VBMT,,Korea,Tornería
Porta Herramientas Exterior,25 - 25  derecho DNMG,,Korea,Tornería
Porta Herramientas Exterior,25 - 25 izquierdo DNMG,,Korea,Tornería
Porta Herramientas Exterior,25 - 25 neutro DNMG,,Korea,Tornería
Porta Herramientas Exterior,25 - 25 radio 10 mm.,,,Tornería
Porta Herramientas Exterior,25 - 25 neutro TNMG 22,Sandvik,,Tornería
Porta Herramientas Exterior,25 - 25 derecho TNMG 22,Sandvik,,Tornería
Porta Herramientas Interior,1/2 x 1/2 x 4 TNMG 16,,Nacional,Tornería
Porta Herramientas Interior,1/2 x 1/2 x 4 DCMT 11,,Nacional,Tornería
Porta Herramientas Interior,5/8 x 5/8 x 4 DCMT 11,,Nacional,Tornería
Porta Herramientas Interior,20 - 20 - frontal TNMG 16,,Nacional,Tornería
Porta Herramientas Interior,20 - 20 - frontal TNMG 16,,Korea,Tornería
Porta Herramientas Interior,20 - 20 derecho TNMG 16,,Korea,Tornería
Porta Herramientas Interior,20 - 20 izquierdo TNMG 16,,Korea,Tornería
Porta Herramientas Interior,25 - 25 neutro TNMG 22,,Korea,Tornería
Porta Herramientas Interior,25 - 25 derecho TNMG 22,,Korea,Tornería
Porta Herramientas Interior,25 - 25 izquierdo TNMG 22,,Korea,Tornería
Porta Herramientas Interior,32 - 32 neutro TNMG 22,,Korea,Tornería
Porta Herramientas Interior,32 - 32 derecho TNMG 22,,Korea,Tornería
Porta Herramientas Interior,32 - 32 izquierdo TNMG 22,,Korea,Tornería
Porta Herramientas Interior,20 - 20 neutro VBMT,Kennametal,,Tornería
Porta Herramientas Interior,20 - 20 derecho VBMT,Kennametal,,Tornería
Porta Herramientas Interior,25 - 25 derecho VBMT,,Korea,Tornería
Porta Herramientas Interior,25 - 25 neutro VBMT,,Korea,Tornería
Porta Herramientas Interior,25 - 25 izquierdo VBMT,,Korea,Tornería
Porta Herramientas Interior,25 - 25  derecho DNMG,,Korea,Tornería
Porta Herramientas Interior,25 - 25 izquierdo DNMG,,Korea,Tornería
Porta Herramientas Interior,25 - 25 radio 10 mm.,,,Tornería
Porta Herramientas Interior,25 - 25 neutro TNMG 22,Sandvik,,Tornería
Porta Herramientas Interior,25 - 25 derecho TNMG 22,Sandvik,,Tornería
Roseta,40 mm.,,,Tornería
Roseta,50 mm.,,,Tornería
Roseta,60 mm.,,,Tornería
Roseta,80 mm.,,,Tornería
Roseta,100 mm.,,,Tornería
Reloj Comparador para Alojamiento,,Insize,,Tornería
Reloj Comparador,,List,China,Tornería
Reloj Comparador de Carátula,,Mitutoyo,,Tornería
Reloj Comparador de Carátula,,Starrey,,Tornería
Reloj Comparador de Carátula,,,China,Tornería
Reloj Comparador de Carátula,,,Korea,Tornería
Reloj Comparador de Carátula,,Insize,,Tornería
Reloj Palpador,,,,Tornería
Ruleteador Doble,,,,Tornería
Ruleteador Triple,,,,Tornería
 Nivel Mecanico,"4""",Mitutoyo,,Tornería
Nivel Mecanico,"6""",Mitutoyo,,Tornería
Nivel Mecanico,"8""",Mitutoyo,,Tornería
Nivel Mecanico,"10""",Mitutoyo,,Tornería
Terrajas,,,,Tornería
Transportador de Grados,,,,Tornería
Tiza Estructural ,Jaboncillo,,,Tornería
Acero Rápido,"1/4"" - 3/8"" - 1/2"" - 5/8"" - 3/4"" - 1""",Sandvick,Suiza,Tornería
Alesómetro,,Insize,,Tornería
Acero Liquido,,Loctite,,Tornería
Alesómetro,,Mitutoyo,Japón,Tornería
Alesómetro,,,Korea,Tornería
Disco de Circonio,"4 1/2"" - 7 1/4""",,,Tornería
Discos Diamantados,"4 1/2"" - 7 1/4""",Bosh,,Tornería
Discos Diamantados,"4 1/2"" - 7 1/4""",Indura,,Tornería
Discos de Cortes y Desbaste,,,,Tornería
Juego Micrometro,0 -25 -150,,Korea,Tornería
Lamas,2.5 - 3.0 - 4.0 - 5.0 - 6.0,Sandvick,Suiza,Tornería
Lamas,2.5 - 3.0 - 4.0 - 5.0 - 6.0,Korloy,Korea,Tornería
Lamas,2.5 - 3.0 - 4.0 - 5.0 - 6.0,Mitsubishi,Japón,Tornería
Lamas,2.5 - 3.0 - 4.0 - 5.0 - 6.0,Walter,Alemania,Tornería
Llave Francesa,"6"" - 8"" - 10"" - 12""",,,Tornería
Sierras Codas,,Bosh,,Tornería
Sierras Bi - metas,,Stanley,,Tornería
Sierras Bi - metas,,Starrett,,Tornería
Sierras Bi - metas,,Eclipse,,Tornería
Sierras Sable,,,,Tornería
Guantes cabritilla amarillo con forro (en caja de 100 U),,,,Explotación Minera
Respirador MSA ADV,,,,Explotación Minera
Filtro MSA ADV p100 para polvo,,,,Explotación Minera
Tapón Auditivo 3M 1100 (Caja 200 unidades),,,,Explotación Minera
"Chaleco reflectante (C/Napa, Tallas: Mitad M y Mitad L)",,,,Explotación Minera
Lente Spyder claro,,,,Explotación Minera
Casco De Seguridad Masprot Blanco,,,,Explotación Minera
Pala Carbonera Con Mango Metálico Negro.-lioi,,,,Explotación Minera
Lupa manual,,,,Explotación Minera
Pack Bolsas transparentes muestras,,,,Explotación Minera
Mesa rodante hidráulica con panel bipuesto,,,,Explotación Minera
Cinturones (Porta Herramientas e Insumos),,,,Explotación Minera
"Escalímetros de 1:100,1:75, 1:50 y 1:20 (20 de cada una)",,,,Explotación Minera
"Set de reglas ""T"" para dibujo técnico",,,,Explotación Minera
Transportadores,,,,Explotación Minera
Set de reglas graduadas,,,,Explotación Minera
Mesa de medición ajuste fino mitutoyo,,,,Explotación Minera
lápices de tinta especial para dibujo técnico,,,,Explotación Minera
sacapuntas eléctrico de mano,,,,Explotación Minera
"set de escuadras de 30,45 y 60 transportadores",,,,Explotación Minera
compás de precisión con tornillo de ajuste,,,,Explotación Minera
plantillas para curvas irregulares ,,,,Explotación Minera
"Escuadra universal 12"" (300 mm) Mitutoyo",,,,Explotación Minera
Transportador de ángulo 150 mm Mitutoyo,,,,Explotación Minera
Plantillas para borrar,,,,Explotación Minera
goma de borrar,,,,Explotación Minera
Cinta adhesiva o tirro para sujetar el papel sin dejar marcas,,,,Explotación Minera
"Juego de Bloques patrón de precisión acero, 47 piezas, GR 0(1,005-100 MM)",,,,Explotación Minera
Rugosímetro Digital #sj-210 longt Mitutoyo,,,,Explotación Minera
Durómetro de banco digital HR430MS,,,,Explotación Minera
Mesa o tablero para dibujo técnico,,,,Explotación Minera
Chancador de mandíbula de laboratorio,,,,Explotación Minera
Chancador de cono de laboratorio,,,,Explotación Minera
Agitador de tamices Dura-Tap,,,,Explotación Minera
Balanza Digital Modelo WLC-20 A2,,,,Explotación Minera
Taladro Saca Testigo,,,,Explotación Minera
Taquímetro South Foretech ET-05,,,,Explotación Minera
GPS Garmin ETREX  20,,,,Explotación Minera
Planimetro Digital Placom Kp-82,,,,Explotación Minera
Brújula Con 0-90 Tránsito De Bolsillo Brunton Internacional ,,,,Explotación Minera
"Juego de Barrenas Básico, Saca Muestra de núcleo y  extensiones (S/.Fotografía)",,,,Explotación Minera
Tripode De Aluminio Altura Ajustable 106 A 170 Cms.,,,,Explotación Minera
Nivel Topográfico 32x Mas Trípode Y Mira De Aluminio,,,,Explotación Minera
Prisma circular Foretech,,,,Explotación Minera
Anemometro Profesional Marca Aimo Meter Con Bolso,,,,Explotación Minera
Corchetera Bostitch P-6-8 + Repuestos de Corchetes,,,,Explotación Minera
Estwing Rock Pick - Martillo Geológico De 22 Oz,,,,Explotación Minera
"Lápiz Rayador Geológico 
",,,,Explotación Minera
"Bausch & Lomb Y Plegable Lupa De Bolsillo, 5-20x",,,,Explotación Minera
Recogedor Lapiz Magnetico Expandible Iman,,,,Explotación Minera
Prisma con porta Prisma,,,,Explotación Minera
Brújula de librería,,,,Explotación Minera
Guantes cabritilla amarillo con forro ,en caja de 100 U,,,Explotación Minera
Respirador MSA ADV,,,,Explotación Minera
Filtro MSA ADV p100 para polvo,,,,Explotación Minera
Tapón Auditivo 3M 1100 ,Caja 200 unidades,,,Explotación Minera
Chaleco reflectante,"C/Napa, Tallas: Mitad M y Mitad L",,,Explotación Minera
Lente Spyder claro,,,,Explotación Minera
Casco De Seguridad Masprot Blanco,,,,Explotación Minera
Pala Carbonera Con Mango Metálico Negro.-lioi,,,,Explotación Minera
Lupa manual,,,,Explotación Minera
Pack Bolsas transparentes muestras,,,,Explotación Minera
Mesa rodante hidráulica con panel bipuesto,,,,Explotación Minera
Cuarteador de muestras tipo Riffle,"Fabricado en acero inoxidable AISI 304. Capacidad: 6 litros Abertura: ½” Numero de divisiones: 12 Incluye 3 bandejas receptoras fabricadas en acero inoxidable de 4 litros de capacidad cada una.",,Chile,Explotación Minera
Cuarteador de muestras tipo Riffle,"Fabricado en acero inoxidable AISI 304. Capacidad: 2 litros Abertura: ¼” Numero de divisiones: 16 Incluye 3 bandejas receptoras fabricadas en acero inoxidable de 2 litros de capacidad cada una.",,Chile,Explotación Minera
Juego de dados Bi-Hexagonales de 1/2,,,,Electricidad
Juego de Llaves de punta y corona,,,,Electricidad
Medidor De Energía Trifásico - Multimedidor Multitester,,,,Electricidad
Luxometro Benetech Gm1020 Con Maleta De Transporte - Amplio rango de medición (0 a 200.000 lux),,,,Electricidad
Punch tool para redes,,,,Electricidad
Set Alicate pelacables,,,,Electricidad
Set atornillador (6 unidades) c/u de paleta y cruz con aislamiento,,,,Electricidad
Tacómetro digital fotoeléctrico y de contacto con láser,,,,Electricidad
Volt-Amperímetro de tenazas tamaño estándar,,,,Electricidad
Osciloscopio digital color Instek Modelo - 1042,,,,Electricidad
Caja piloto led tensión de trabajo 48VDC verde,,,,Electricidad
Caja piloto led tensión de trabajo 48VDC amarillo,,,,Electricidad
Caja de 9/24 interruptor embutido,,,,Electricidad
Caja de base recta plástica (Tableros Legrand + Seguridad),,,,Electricidad
Caja de bloques de contactos auxiliares para contactores,,,,Electricidad
EQUIPO OXICORTE HEACY CUTTER HCW-23P,,,,Soldadura
SOLDADORA FLASH 160 MYH,,,,Soldadura
SOLDADORA MONOMIG 195 MYH + Requerimientos e insumos,,,,Soldadura
Polainas,,,,Soldadura
Coleto,,,,Soldadura
Capucha,,,,Soldadura
Guantes de soldador,,,,Soldadura
Soldadura 6011 3/32 (Kilo),,,,Soldadura
Soldadura 7018 3/32 (Kilo),,,,Soldadura
Máscaras Estándar,,,,Soldadura
Micrómetro Exterior 25-50 Insize ,,,,Soldadura
"Micrómetro Exterior 1""- 2"" Mitutoyo ",,,,Soldadura
Micrómetro Interior 50-300 Mitutoyo,,,,Soldadura
"Pie de metro 12"" Mecánico Insize",,,,Soldadura
Reloj comparador Insize,,,,Soldadura
Base magnética Insize,,,,Soldadura
"Limas de 12"" Planas (Corte medio - Corte fino -  Bastarda)",,,,Soldadura
"Limas de 12"" Triangular",,,,Soldadura
"Limas de 12"" Media Caña",,,,Soldadura
Escobillas de Acero,,,,Soldadura
Juego de Llaves punta corona en MM,,,,Soldadura
Juego de Llaves punta corona en Pulgadas,,,,Soldadura
Taladro de Pedestal,,,,Soldadura
Taladros Manuales,,,,Soldadura
"Esmeriles angulares 7 1/4""",,,,Soldadura
"Esmeriles angulares 4 1/2""",,,,Soldadura
Macetas de goma,,,,Soldadura
Macetas de bronce 3 Lbs,,,,Soldadura
Macetas de bronce 4 Lbs,,,,Soldadura
Martillos de bola 3 lbs,,,,Soldadura
Martillos de bola 4 lbs,,,,Soldadura
Cincel para metal,,,,Soldadura
"Tornillos 8"" Base Recta",,,,Soldadura
"Tornillos 8"" Base Recta",,,,Soldadura
Flexómetros 5 mts,,,,Soldadura
Flexómetros 3 mts,,,,Soldadura
"Nivel de Mano 12""",,,,Soldadura
"Nivel de Mano 24""",,,,Soldadura
Bosch GCL25 Láser de alineación automática de 5 puntos con línea cruzada (Op. 1),,,,Soldadura
Alineador Laser De Ejes Fixturlaser Dirigo Alineamiento (Op. 2),,,,Soldadura
Paquete De 5 Alineadores Laser De Ejes Fixturlaser Dirigo (Op. 3),,,,Soldadura
Juego de Brocas 1 - 13 MM HSS,,,,Soldadura
Juego de Brocas 1/8 - 1/2 MM,,,,Soldadura
Máscaras de Soldar tradicionales,,,,Soldadura
Vidrios Negros N°11 (Caja de 25 U),,,,Soldadura
Vidrios Transparentes (Caja 200 U),,,,Soldadura
Juego de Soldadura de Tungsteno (10 U),,,,Soldadura
Argón (Recipiente),,,,Soldadura
Equipo de Soldar TIG (Tungsteno) - (pájaro),,,,Soldadura
Planchas de metal 20x30x0.10,,,,Soldadura
Juego de Machos y Terrajas,,,,Soldadura
Multitester Marca United,,,,Electrónica
Protoboard  de 620 puntos ,,,,Electrónica
Resistencias  varias. ,,,,Electrónica
Porta pilas de 2 pilas,,,,Electrónica
Porta pilas de 4 pilas,,,,Electrónica
Broche para bateria de 9V,,,,Electrónica
Pilas  AA Duracell,,,,Electrónica
Condensadores  47uf x 25v,,,,Electrónica
Condensadores 22uf  ó 33uf X25v,,,,Electrónica
Reley 6V 5pin / 12V  8pin / 12V  5pin,,,,Electrónica
Bateria 9V Duracell,,,,Electrónica
Iman 10mm diametro 6mm espesor,,,,Electrónica
"Set de alicate, precisión diagonal de punta",,,,Electrónica
Diodo  Zener 12,,,,Electrónica
"Led 5mm 1,8 a 3V altobrillo rojo / blanco",,,,Electrónica
Interruptores  para  protoboard,,,,Electrónica
Potenciometro de 10 kilos,,,,Electrónica
Motores 5V- 1700 a 7300 RPM,,,,Electrónica
